sample,difficulty,expectedBpm,detectedBpm,bpmRelativeError,bpmConfidence,rawOnsets,events,notes,averageNps,peakNps1s,offGridRatio,clusterSuppressed,extremeJumpRatio,qualityScore,warnings
hat_storm_140.wav,easy,140.0,139.67,0.0024,0.2249,138,138,35,2.1875,3,0.0,0,0.0,73.0,BPM 후보 간 차이가 작아 tempo 신뢰도가 낮습니다.
hat_storm_140.wav,normal,140.0,139.67,0.0024,0.2249,138,138,69,4.3125,5,0.0,0,0.0,81.69,BPM 후보 간 차이가 작아 tempo 신뢰도가 낮습니다.
hat_storm_140.wav,hard,140.0,139.67,0.0024,0.2249,138,138,92,5.75,8,0.0,0,0.0,89.17,BPM 후보 간 차이가 작아 tempo 신뢰도가 낮습니다.
hat_storm_140.wav,expert,140.0,139.67,0.0024,0.2249,138,138,138,8.625,10,0.0,0,0.0,86.34,BPM 후보 간 차이가 작아 tempo 신뢰도가 낮습니다.
overlap_150.wav,easy,150.0,149.8,0.0013,0.3039,37,37,37,2.3125,3,0.0,0,0.0,85.56,BPM 후보 간 차이가 작아 tempo 신뢰도가 낮습니다.
overlap_150.wav,normal,150.0,149.8,0.0013,0.3039,37,37,37,2.3125,3,0.0,0,0.0,85.56,BPM 후보 간 차이가 작아 tempo 신뢰도가 낮습니다.
overlap_150.wav,hard,150.0,149.8,0.0013,0.3039,37,37,37,2.3125,3,0.0,0,0.0,85.56,BPM 후보 간 차이가 작아 tempo 신뢰도가 낮습니다.
overlap_150.wav,expert,150.0,149.8,0.0013,0.3039,37,37,37,2.3125,3,0.0,0,0.0,85.56,BPM 후보 간 차이가 작아 tempo 신뢰도가 낮습니다.
reverb_120.wav,easy,120.0,120.19,0.0016,0.2924,73,73,29,1.8125,3,0.2055,0,0.0,85.21,BPM 후보 간 차이가 작아 tempo 신뢰도가 낮습니다.
reverb_120.wav,normal,120.0,120.19,0.0016,0.2924,73,73,58,3.625,5,0.2055,0,0.0,91.94,BPM 후보 간 차이가 작아 tempo 신뢰도가 낮습니다.
reverb_120.wav,hard,120.0,120.19,0.0016,0.2924,73,73,59,3.6875,5,0.2055,0,0.0,86.98,BPM 후보 간 차이가 작아 tempo 신뢰도가 낮습니다.
reverb_120.wav,expert,120.0,120.19,0.0016,0.2924,73,73,73,4.5625,7,0.2055,0,0.0,90.68,BPM 후보 간 차이가 작아 tempo 신뢰도가 낮습니다.
slow_attack_90.wav,easy,90.0,90.67,0.0074,0.2473,44,44,22,1.375,2,0.3636,0,0.0,82.98,BPM 후보 간 차이가 작아 tempo 신뢰도가 낮습니다.
slow_attack_90.wav,normal,90.0,90.67,0.0074,0.2473,44,44,28,1.75,3,0.3636,0,0.0,77.92,BPM 후보 간 차이가 작아 tempo 신뢰도가 낮습니다.
slow_attack_90.wav,hard,90.0,90.67,0.0074,0.2473,44,44,44,2.75,4,0.3636,0,0.0,78.89,BPM 후보 간 차이가 작아 tempo 신뢰도가 낮습니다.
slow_attack_90.wav,expert,90.0,90.67,0.0074,0.2473,44,44,44,2.75,4,0.3636,0,0.0,78.89,BPM 후보 간 차이가 작아 tempo 신뢰도가 낮습니다.
sustained_100.wav,easy,100.0,99.38,0.0062,0.2945,37,37,25,1.5625,2,0.0,0,0.0,85.38,BPM 후보 간 차이가 작아 tempo 신뢰도가 낮습니다.
sustained_100.wav,normal,100.0,99.38,0.0062,0.2945,37,37,37,2.3125,3,0.0,0,0.0,93.74,BPM 후보 간 차이가 작아 tempo 신뢰도가 낮습니다.
sustained_100.wav,hard,100.0,99.38,0.0062,0.2945,37,37,37,2.3125,3,0.0,0,0.0,93.74,BPM 후보 간 차이가 작아 tempo 신뢰도가 낮습니다.
sustained_100.wav,expert,100.0,99.38,0.0062,0.2945,37,37,37,2.3125,3,0.0,0,0.0,93.74,BPM 후보 간 차이가 작아 tempo 신뢰도가 낮습니다.
swing_120.wav,easy,120.0,120.19,0.0016,0.1867,58,58,29,1.8125,3,0.4138,0,0.0,74.43,BPM 후보 간 차이가 작아 tempo 신뢰도가 낮습니다.
swing_120.wav,normal,120.0,120.19,0.0016,0.1867,58,58,29,1.8125,3,0.4138,0,0.0,74.43,BPM 후보 간 차이가 작아 tempo 신뢰도가 낮습니다.
swing_120.wav,hard,120.0,120.19,0.0016,0.1867,58,58,58,3.625,5,0.4138,0,0.0,81.16,BPM 후보 간 차이가 작아 tempo 신뢰도가 낮습니다.
swing_120.wav,expert,120.0,120.19,0.0016,0.1867,58,58,58,3.625,5,0.4138,0,0.0,74.43,BPM 후보 간 차이가 작아 tempo 신뢰도가 낮습니다.
tempo_change.wav,easy,,159.01,,0.3164,78,78,22,1.2222,3,0.2564,0,0.0,92.76,BPM 후보 간 차이가 작아 tempo 신뢰도가 낮습니다.
tempo_change.wav,normal,,159.01,,0.3164,78,78,47,2.6111,5,0.2564,0,0.0,90.15,BPM 후보 간 차이가 작아 tempo 신뢰도가 낮습니다.
tempo_change.wav,hard,,159.01,,0.3164,78,78,78,4.3333,6,0.2564,0,0.0,91.94,BPM 후보 간 차이가 작아 tempo 신뢰도가 낮습니다.
tempo_change.wav,expert,,159.01,,0.3164,78,78,78,4.3333,6,0.2564,0,0.0,91.94,BPM 후보 간 차이가 작아 tempo 신뢰도가 낮습니다.
